               epoch,      train/box_loss,      train/cls_loss,      train/dfl_loss,   metrics/precision,      metrics/recall,     metrics/mAP_0.5,metrics/mAP_0.5:0.95,        val/box_loss,        val/cls_loss,        val/dfl_loss,               x/lr0,               x/lr1,               x/lr2
                   0,               1.888,              2.3181,                1.46,             0.75624,             0.70491,             0.77622,             0.45052,                   0,                   0,                   0,            0.070056,           0.0033271,           0.0033271
                   1,              1.8322,              1.5177,              1.4158,             0.66542,             0.54573,             0.61008,             0.34782,                   0,                   0,                   0,             0.03999,           0.0065945,           0.0065945
                   2,               1.902,               1.615,              1.4488,             0.51042,             0.52691,             0.51177,             0.27807,                   0,                   0,                   0,           0.0098585,           0.0097959,           0.0097959
