               epoch,      train/box_loss,      train/cls_loss,      train/dfl_loss,   metrics/precision,      metrics/recall,     metrics/mAP_0.5,metrics/mAP_0.5:0.95,        val/box_loss,        val/cls_loss,        val/dfl_loss,               x/lr0,               x/lr1,               x/lr2
                   0,              1.5089,              1.8704,               1.164,             0.60198,             0.66505,             0.67341,             0.38962,              1.3872,              1.1811,               1.247,            0.070056,           0.0033271,           0.0033271
                   1,              1.4671,              1.2082,              1.1266,             0.69848,             0.71509,             0.74387,             0.43649,              1.3193,              1.0026,              1.1803,             0.03999,           0.0065945,           0.0065945
